Tiempo ,Ua,VELOCIDAD,REFERENCIA,,,,,,,,,,,,,,,,,
-0.1,0,0,0,,,,,,,,,,,,,,,,,
-0.095,0,0,0,,,,,,,,,,,,,,,,,
-0.09,0,0,0,,,,,,,,,,,,,,,,,
-0.085,0,0,0,,,,,,,,,,,,,,,,,
-0.08,0,0,0,,,,,,,,,,,,,,,,,0.04
-0.075,0,0,0,,,,,,,,,,,,,,,,,4.04
-0.07,0,0,0,,,,,,,,,,,,,Mp,4.113,25,,3.96
-0.065,0,0,0,,,,,,,,,,,,,Ts,205ms,25,,
-0.06,0,0,0,,,,,,,,,,,,,P,315ms,20,,
-0.055,0,0,0,,,,,,,,,,,,,ess,4.057,15,,
-0.05,0,0,0,,,,,,,,,,,,,,3.94,,,
-0.045,0,0,0,,,,,,,,,,,,,,,,,
-0.04,0,0,0,,,,,,,,,,,,,,,,,
-0.035,0,0,0,,,,,,,,,,,,,,,,,
-0.03,0,0,0,,,,,,,,,,,,,,,,,
-0.025,0,0,0,,,,,,,,,,,,,,,,,
-0.02,0,0,0,,,,,,,,,,,,,,,,,
-0.015,0,0,0,,,,,,,,,,,,,,,,,
-0.01,0,0,0,,,,,,,,,,,,,,,,,
-0.005,0,0,0,,,,,,,,,,,,,,,,,
0,5,0.005,4,,,,,,,,,,,,,,,,,
0.005,5,0.275,4,,,,,,,,,,,,,,,,,
0.01,5,0.667,4,,,,,,,,,,,,,,,,,
0.015,5,0.988,4,,,,,,,,,,,,,,,,,
0.02,4.872,1.29,4,,,,,,,,,,,,,,,,,
0.025,4.645,1.582,4,,,,,,,,,,,,,,,,,
0.03,4.39,1.88,4,,,,,,,,,,,,,,,,,
0.035,4.225,2.1,4,,,,,,,,,,,,,,,,,
0.04,4.063,2.307,4,,,,,,,,,,,,,,,,,
0.045,3.907,2.5,4,,,,,,,,,,,,,,,,,
0.05,3.898,2.58,4,,,,,,,,,,,,,,,,,
0.055,3.824,2.702,4,,,,,,,,,,,,,,,,,
0.06,3.779,2.797,4,,,,,,,,,,,,,,,,,
0.065,3.721,2.898,4,,,,,,,,,,,,,,,,,
0.07,3.76,2.925,4,,,,,,,,,,,,,,,,,
0.075,3.643,3.06,4,,,,,,,,,,,,,,,,,
0.08,3.652,3.1,4,,,,,,,,,,,,,,,,,
0.085,3.615,3.17,4,,,,,,,,,,,,,,,,,
0.09,3.556,3.253,4,,,,,,,,,,,,,,,,,
0.095,3.623,3.243,4,,,,,,,,,,,,,,,,,
0.1,3.545,3.335,4,,,,,,,,,,,,,,,,,
0.105,3.559,3.358,4,,,,,,,,,,,,,,,,,
0.11,3.494,3.435,4,,,,,,,,,,,,,,,,,
0.115,3.477,3.475,4,,,,,,,,,,,,,,,,,
0.12,3.471,3.505,4,,,,,,,,,,,,,,,,,
0.125,3.449,3.545,4,,,,,,,,,,,,,,,,,
0.13,3.373,3.62,4,,,,,,,,,,,,,,,,,
0.135,3.493,3.555,4,,,,,,,,,,,,,,,,,
0.14,3.339,3.685,4,,,,,,,,,,,,,,,,,
0.145,3.329,3.707,4,,,,,,,,,,,,,,,,,
0.15,3.435,3.648,4,,,,,,,,,,,,,,,,,
0.155,3.303,3.758,4,,,,,,,,,,,,,,,,,
0.16,3.259,3.8,4,,,,,,,,,,,,,,,,,
0.165,3.32,3.767,4,,,,,,,,,,,,,,,,,
0.17,3.315,3.783,4,,,,,,,,,,,,,,,,,
0.175,3.291,3.81,4,,,,,,,,,,,,,,,,,
0.18,3.319,3.8,4,,,,,,,,,,,,,,,,,
0.185,3.279,3.837,4,,,,,,,,,,,,,,,,,
0.19,3.212,3.893,4,,,,,,,,,,,,,,,,,
0.195,3.227,3.887,4,,,,,,,,,,,,,,,,,
0.2,3.256,3.872,4,,,,,,,,,,,,,,,,,
0.205,3.165,3.943,4,,,,,,,,,,,,,,,,,
0.21,3.158,3.95,4,,,,,,,,,,,,,,,,,
0.215,3.212,3.915,4,,,,,,,,,,,,,,,,,
0.22,3.218,3.915,4,,,,,,,,,,,,,,,,,
0.225,3.138,3.975,4,,,,,,,,,,,,,,,,,
0.23,3.147,3.97,4,,,,,,,,,,,,,,,,,
0.235,3.192,3.94,4,,,,,,,,,,,,,,,,,
0.24,3.128,3.988,4,,,,,,,,,,,,,,,,,
0.245,3.065,4.033,4,,,,,,,,,,,,,,,,,
0.25,3.102,4.005,4,,,,,,,,,,,,,,,,,
0.255,3.127,3.988,4,,,,,,,,,,,,,,,,,
0.26,3.056,4.037,4,,,,,,,,,,,,,,,,,
0.265,3.068,4.027,4,,,,,,,,,,,,,,,,,
0.27,3.134,3.98,4,,,,,,,,,,,,,,,,,
0.275,3.124,3.988,4,,,,,,,,,,,,,,,,,
0.28,2.986,4.085,4,,,,,,,,,,,,,,,,,
0.285,2.987,4.08,4,,,,,,,,,,,,,,,,,
0.29,3.074,4.015,4,,,,,,,,,,,,,,,,,
0.295,3.087,4.005,4,,,,,,,,,,,,,,,,,
0.3,3.023,4.05,4,,,,,,,,,,,,,,,,,
0.305,3.012,4.055,4,,,,,,,,,,,,,,,,,
0.31,3.044,4.03,4,,,,,,,,,,,,,,,,,
0.315,3.002,4.057,4,,,,,,,,,,,,,,,,,
0.32,2.98,4.07,4,,,,,,,,,,,,,,,,,
0.325,3.033,4.03,4,,,,,,,,,,,,,,,,,
0.33,3.077,3.997,4,,,,,,,,,,,,,,,,,
0.335,2.995,4.055,4,,,,,,,,,,,,,,,,,
0.34,2.955,4.08,4,,,,,,,,,,,,,,,,,
0.345,2.996,4.047,4,,,,,,,,,,,,,,,,,
0.35,3.061,4,4,,,,,,,,,,,,,,,,,
0.355,2.996,4.045,4,,,,,,,,,,,,,,,,,
0.36,2.94,4.082,4,,,,,,,,,,,,,,,,,
0.365,2.959,4.065,4,,,,,,,,,,,,,,,,,
0.37,3.001,4.033,4,,,,,,,,,,,,,,,,,
0.375,2.945,4.07,4,,,,,,,,,,,,,,,,,
0.38,2.958,4.057,4,,,,,,,,,,,,,,,,,
0.385,2.982,4.037,4,,,,,,,,,,,,,,,,,
0.39,2.98,4.037,4,,,,,,,,,,,,,,,,,
0.395,2.884,4.102,4,,,,,,,,,,,,,,,,,
0.4,2.923,4.07,4,,,,,,,,,,,,,,,,,
0.405,3.008,4.008,4,,,,,,,,,,,,,,,,,
0.41,2.996,4.015,4,,,,,,,,,,,,,,,,,
0.415,2.856,4.113,4,,,,,,,,,,,,,,,,,
0.42,2.869,4.098,4,,,,,,,,,,,,,,,,,
0.425,2.97,4.023,4,,,,,,,,,,,,,,,,,
0.43,2.99,4.008,4,,,,,,,,,,,,,,,,,
0.435,2.91,4.062,4,,,,,,,,,,,,,,,,,
0.44,2.888,4.075,4,,,,,,,,,,,,,,,,,
0.445,2.929,4.043,4,,,,,,,,,,,,,,,,,
0.45,2.937,4.035,4,,,,,,,,,,,,,,,,,
0.455,2.902,4.057,4,,,,,,,,,,,,,,,,,
0.46,2.938,4.03,4,,,,,,,,,,,,,,,,,
0.465,2.964,4.01,4,,,,,,,,,,,,,,,,,
0.47,2.91,4.047,4,,,,,,,,,,,,,,,,,
0.475,2.871,4.072,4,,,,,,,,,,,,,,,,,
0.48,2.919,4.035,4,,,,,,,,,,,,,,,,,
0.485,3.003,3.975,4,,,,,,,,,,,,,,,,,
0.49,2.933,4.025,4,,,,,,,,,,,,,,,,,
0.495,2.892,4.053,4,,,,,,,,,,,,,,,,,
0.5,2.909,4.037,4,,,,,,,,,,,,,,,,,
0.505,2.928,4.023,4,,,,,,,,,,,,,,,,,
0.51,2.855,4.072,4,,,,,,,,,,,,,,,,,
0.515,2.904,4.035,4,,,,,,,,,,,,,,,,,
0.52,2.966,3.99,4,,,,,,,,,,,,,,,,,
0.525,2.952,4,4,,,,,,,,,,,,,,,,,
0.53,2.823,4.09,4,,,,,,,,,,,,,,,,,
0.535,2.835,4.078,4,,,,,,,,,,,,,,,,,
0.54,2.933,4.005,4,,,,,,,,,,,,,,,,,
0.545,2.961,3.985,4,,,,,,,,,,,,,,,,,
0.55,2.887,4.037,4,,,,,,,,,,,,,,,,,
0.555,2.881,4.04,4,,,,,,,,,,,,,,,,,
0.56,2.907,4.02,4,,,,,,,,,,,,,,,,,
0.565,2.884,4.035,4,,,,,,,,,,,,,,,,,
0.57,2.856,4.053,4,,,,,,,,,,,,,,,,,
0.575,2.928,4,4,,,,,,,,,,,,,,,,,
0.58,2.985,3.96,4,,,,,,,,,,,,,,,,,
0.585,2.913,4.012,4,,,,,,,,,,,,,,,,,
0.59,2.865,4.045,4,,,,,,,,,,,,,,,,,
0.595,2.894,4.023,4,,,,,,,,,,,,,,,,,
0.6,2.914,4.008,4,,,,,,,,,,,,,,,,,
0.605,2.849,4.053,4,,,,,,,,,,,,,,,,,
0.61,2.881,4.027,4,,,,,,,,,,,,,,,,,
0.615,2.954,3.975,4,,,,,,,,,,,,,,,,,
0.62,2.945,3.983,4,,,,,,,,,,,,,,,,,
0.625,2.836,4.06,4,,,,,,,,,,,,,,,,,
0.63,2.821,4.068,4,,,,,,,,,,,,,,,,,
0.635,2.888,4.017,4,,,,,,,,,,,,,,,,,
0.64,2.915,3.997,4,,,,,,,,,,,,,,,,,
0.645,2.876,4.025,4,,,,,,,,,,,,,,,,,
0.65,2.913,3.997,4,,,,,,,,,,,,,,,,,
0.655,2.96,3.965,4,,,,,,,,,,,,,,,,,
0.66,2.895,4.012,4,,,,,,,,,,,,,,,,,
0.665,2.836,4.053,4,,,,,,,,,,,,,,,,,
0.67,2.886,4.015,4,,,,,,,,,,,,,,,,,
0.675,2.928,3.985,4,,,,,,,,,,,,,,,,,
0.68,2.858,4.035,4,,,,,,,,,,,,,,,,,
0.685,2.884,4.015,4,,,,,,,,,,,,,,,,,
0.69,2.944,3.972,4,,,,,,,,,,,,,,,,,
0.695,2.931,3.983,4,,,,,,,,,,,,,,,,,
0.7,2.807,4.07,4,,,,,,,,,,,,,,,,,
0.705,2.824,4.055,4,,,,,,,,,,,,,,,,,
0.71,2.899,4,4,,,,,,,,,,,,,,,,,
0.715,2.917,3.988,4,,,,,,,,,,,,,,,,,
0.72,2.882,4.012,4,,,,,,,,,,,,,,,,,
0.725,2.909,3.993,4,,,,,,,,,,,,,,,,,
0.73,2.949,3.965,4,,,,,,,,,,,,,,,,,
0.735,2.88,4.015,4,,,,,,,,,,,,,,,,,
0.74,2.829,4.05,4,,,,,,,,,,,,,,,,,
0.745,2.876,4.015,4,,,,,,,,,,,,,,,,,
0.75,2.921,3.983,4,,,,,,,,,,,,,,,,,
0.755,2.865,4.023,4,,,,,,,,,,,,,,,,,
0.76,2.885,4.008,4,,,,,,,,,,,,,,,,,
0.765,2.935,3.972,4,,,,,,,,,,,,,,,,,
0.77,2.922,3.983,4,,,,,,,,,,,,,,,,,
0.775,2.813,4.06,4,,,,,,,,,,,,,,,,,
0.78,2.808,4.06,4,,,,,,,,,,,,,,,,,
0.785,2.893,3.997,4,,,,,,,,,,,,,,,,,
0.79,2.911,3.985,4,,,,,,,,,,,,,,,,,
0.795,2.859,4.023,4,,,,,,,,,,,,,,,,,
0.8,2.907,3.988,4,,,,,,,,,,,,,,,,,
0.805,2.951,3.957,4,,,,,,,,,,,,,,,,,
0.81,2.883,4.008,4,,,,,,,,,,,,,,,,,
0.815,2.836,4.04,4,,,,,,,,,,,,,,,,,
0.82,2.879,4.008,4,,,,,,,,,,,,,,,,,
0.825,2.904,3.99,4,,,,,,,,,,,,,,,,,
0.83,2.829,4.043,4,,,,,,,,,,,,,,,,,
0.835,2.859,4.02,4,,,,,,,,,,,,,,,,,
0.84,2.939,3.963,4,,,,,,,,,,,,,,,,,
0.845,2.939,3.965,4,,,,,,,,,,,,,,,,,
0.85,2.827,4.045,4,,,,,,,,,,,,,,,,,
0.855,2.827,4.043,4,,,,,,,,,,,,,,,,,
0.86,2.878,4.005,4,,,,,,,,,,,,,,,,,
0.865,2.874,4.008,4,,,,,,,,,,,,,,,,,
0.87,2.845,4.027,4,,,,,,,,,,,,,,,,,
0.875,2.911,3.98,4,,,,,,,,,,,,,,,,,
0.88,2.966,3.943,4,,,,,,,,,,,,,,,,,
0.885,2.887,4,4,,,,,,,,,,,,,,,,,
0.89,2.855,4.023,4,,,,,,,,,,,,,,,,,
0.895,2.886,4,4,,,,,,,,,,,,,,,,,
0.9,2.893,3.995,4,,,,,,,,,,,,,,,,,
0.905,2.797,4.062,4,,,,,,,,,,,,,,,,,
0.91,2.828,4.037,4,,,,,,,,,,,,,,,,,
0.915,2.915,3.975,4,,,,,,,,,,,,,,,,,
0.92,2.931,3.965,4,,,,,,,,,,,,,,,,,
0.925,2.862,4.015,4,,,,,,,,,,,,,,,,,
0.93,2.861,4.015,4,,,,,,,,,,,,,,,,,
0.935,2.921,3.972,4,,,,,,,,,,,,,,,,,
0.94,2.869,4.01,4,,,,,,,,,,,,,,,,,
0.945,2.804,4.055,4,,,,,,,,,,,,,,,,,
0.95,2.875,4.003,4,,,,,,,,,,,,,,,,,
0.955,2.932,3.963,4,,,,,,,,,,,,,,,,,
0.96,2.849,4.023,4,,,,,,,,,,,,,,,,,
0.965,2.872,4.005,4,,,,,,,,,,,,,,,,,
0.97,2.936,3.96,4,,,,,,,,,,,,,,,,,
0.975,2.921,3.972,4,,,,,,,,,,,,,,,,,
0.98,2.798,4.06,4,,,,,,,,,,,,,,,,,
0.985,2.797,4.057,4,,,,,,,,,,,,,,,,,
0.99,2.879,3.997,4,,,,,,,,,,,,,,,,,
0.995,2.876,4,4,,,,,,,,,,,,,,,,,
1,2.84,4.025,4,,,,,,,,,,,,,,,,,
1.005,2.899,3.983,4,,,,,,,,,,,,,,,,,
1.01,2.957,3.943,4,,,,,,,,,,,,,,,,,
1.015,2.883,3.997,4,,,,,,,,,,,,,,,,,
1.02,2.851,4.02,4,,,,,,,,,,,,,,,,,
1.025,2.874,4.003,4,,,,,,,,,,,,,,,,,
1.03,2.885,3.995,4,,,,,,,,,,,,,,,,,
1.035,2.803,4.053,4,,,,,,,,,,,,,,,,,
1.04,2.814,4.043,4,,,,,,,,,,,,,,,,,
1.045,2.904,3.977,4,,,,,,,,,,,,,,,,,
1.05,2.93,3.96,4,,,,,,,,,,,,,,,,,
1.055,2.851,4.017,4,,,,,,,,,,,,,,,,,
1.06,2.857,4.012,4,,,,,,,,,,,,,,,,,
1.065,2.92,3.967,4,,,,,,,,,,,,,,,,,
1.07,2.872,4.003,4,,,,,,,,,,,,,,,,,
1.075,2.815,4.043,4,,,,,,,,,,,,,,,,,
1.08,2.873,4,4,,,,,,,,,,,,,,,,,
1.085,2.902,3.98,4,,,,,,,,,,,,,,,,,
1.09,2.831,4.03,4,,,,,,,,,,,,,,,,,
1.095,2.847,4.017,4,,,,,,,,,,,,,,,,,
1.1,2.928,3.96,4,,,,,,,,,,,,,,,,,
1.105,2.924,3.965,4,,,,,,,,,,,,,,,,,
1.11,2.808,4.047,4,,,,,,,,,,,,,,,,,
1.115,2.812,4.043,4,,,,,,,,,,,,,,,,,
1.12,2.877,3.995,4,,,,,,,,,,,,,,,,,
1.125,2.86,4.008,4,,,,,,,,,,,,,,,,,
1.13,2.823,4.033,4,,,,,,,,,,,,,,,,,
1.135,2.885,3.988,4,,,,,,,,,,,,,,,,,
1.14,2.94,3.95,4,,,,,,,,,,,,,,,,,
1.145,2.865,4.005,4,,,,,,,,,,,,,,,,,
1.15,2.861,4.008,4,,,,,,,,,,,,,,,,,
1.155,2.9,3.98,4,,,,,,,,,,,,,,,,,
1.16,2.901,3.98,4,,,,,,,,,,,,,,,,,
1.165,2.784,4.062,4,,,,,,,,,,,,,,,,,
1.17,2.794,4.053,4,,,,,,,,,,,,,,,,,
1.175,2.876,3.993,4,,,,,,,,,,,,,,,,,
1.18,2.88,3.99,4,,,,,,,,,,,,,,,,,
1.185,2.853,4.01,4,,,,,,,,,,,,,,,,,
1.19,2.891,3.983,4,,,,,,,,,,,,,,,,,
1.195,2.95,3.943,4,,,,,,,,,,,,,,,,,
1.2,2.871,4,4,,,,,,,,,,,,,,,,,
1.205,2.832,4.027,4,,,,,,,,,,,,,,,,,
1.21,2.859,4.008,4,,,,,,,,,,,,,,,,,
1.215,2.883,3.99,4,,,,,,,,,,,,,,,,,
1.22,2.795,4.053,4,,,,,,,,,,,,,,,,,
1.225,2.805,4.043,4,,,,,,,,,,,,,,,,,
1.23,2.899,3.975,4,,,,,,,,,,,,,,,,,
1.235,2.915,3.965,4,,,,,,,,,,,,,,,,,
1.24,2.853,4.01,4,,,,,,,,,,,,,,,,,
1.245,2.856,4.008,4,,,,,,,,,,,,,,,,,
1.25,2.923,3.96,4,,,,,,,,,,,,,,,,,
1.255,2.862,4.005,4,,,,,,,,,,,,,,,,,
1.26,2.808,4.043,4,,,,,,,,,,,,,,,,,
1.265,2.855,4.008,4,,,,,,,,,,,,,,,,,
1.27,2.894,3.98,4,,,,,,,,,,,,,,,,,
1.275,2.806,4.043,4,,,,,,,,,,,,,,,,,
1.28,2.831,4.023,4,,,,,,,,,,,,,,,,,
1.285,2.919,3.96,4,,,,,,,,,,,,,,,,,
1.29,2.929,3.955,4,,,,,,,,,,,,,,,,,
1.295,2.825,4.03,4,,,,,,,,,,,,,,,,,
1.3,2.833,4.023,4,,,,,,,,,,,,,,,,,
1.305,2.878,3.99,4,,,,,,,,,,,,,,,,,
1.31,2.847,4.012,4,,,,,,,,,,,,,,,,,
1.315,2.807,4.04,4,,,,,,,,,,,,,,,,,
1.32,2.868,3.995,4,,,,,,,,,,,,,,,,,
1.325,2.904,3.97,4,,,,,,,,,,,,,,,,,
1.33,2.828,4.025,4,,,,,,,,,,,,,,,,,
1.335,2.855,4.005,4,,,,,,,,,,,,,,,,,
1.34,2.915,3.963,4,,,,,,,,,,,,,,,,,
1.345,2.907,3.97,4,,,,,,,,,,,,,,,,,
1.35,2.813,4.037,4,,,,,,,,,,,,,,,,,
1.355,2.806,4.04,4,,,,,,,,,,,,,,,,,
1.36,2.857,4.003,4,,,,,,,,,,,,,,,,,
1.365,2.846,4.01,4,,,,,,,,,,,,,,,,,
1.37,2.81,4.035,4,,,,,,,,,,,,,,,,,
1.375,2.868,3.993,4,,,,,,,,,,,,,,,,,
1.38,2.922,3.955,4,,,,,,,,,,,,,,,,,
1.385,2.847,4.01,4,,,,,,,,,,,,,,,,,
1.39,2.853,4.005,4,,,,,,,,,,,,,,,,,
1.395,2.906,3.967,4,,,,,,,,,,,,,,,,,
1.4,2.905,3.97,4,,,,,,,,,,,,,,,,,
1.405,2.811,4.037,4,,,,,,,,,,,,,,,,,
1.41,2.794,4.047,4,,,,,,,,,,,,,,,,,
1.415,2.855,4.003,4,,,,,,,,,,,,,,,,,
1.42,2.855,4.003,4,,,,,,,,,,,,,,,,,
1.425,2.815,4.03,4,,,,,,,,,,,,,,,,,
1.43,2.87,3.99,4,,,,,,,,,,,,,,,,,
1.435,2.928,3.95,4,,,,,,,,,,,,,,,,,
1.44,2.853,4.005,4,,,,,,,,,,,,,,,,,
1.445,2.849,4.008,4,,,,,,,,,,,,,,,,,
1.45,2.906,3.967,4,,,,,,,,,,,,,,,,,
1.455,2.894,3.977,4,,,,,,,,,,,,,,,,,
1.46,2.777,4.06,4,,,,,,,,,,,,,,,,,
1.465,2.784,4.053,4,,,,,,,,,,,,,,,,,
1.47,2.862,3.995,4,,,,,,,,,,,,,,,,,
1.475,2.848,4.005,4,,,,,,,,,,,,,,,,,
1.48,2.819,4.025,4,,,,,,,,,,,,,,,,,
1.485,2.882,3.98,4,,,,,,,,,,,,,,,,,
1.49,2.926,3.95,4,,,,,,,,,,,,,,,,,
1.495,2.851,4.005,4,,,,,,,,,,,,,,,,,
1.5,2.851,4.005,4,,,,,,,,,,,,,,,,,
1.505,2.901,3.97,4,,,,,,,,,,,,,,,,,
1.51,2.885,3.983,4,,,,,,,,,,,,,,,,,
1.515,2.775,4.06,4,,,,,,,,,,,,,,,,,
1.52,2.789,4.047,4,,,,,,,,,,,,,,,,,
1.525,2.864,3.993,4,,,,,,,,,,,,,,,,,
1.53,2.858,3.997,4,,,,,,,,,,,,,,,,,
1.535,2.822,4.023,4,,,,,,,,,,,,,,,,,
1.54,2.87,3.988,4,,,,,,,,,,,,,,,,,
1.545,2.929,3.947,4,,,,,,,,,,,,,,,,,
1.55,2.861,3.997,4,,,,,,,,,,,,,,,,,
1.555,2.847,4.008,4,,,,,,,,,,,,,,,,,
1.56,2.893,3.975,4,,,,,,,,,,,,,,,,,
1.565,2.88,3.985,4,,,,,,,,,,,,,,,,,
1.57,2.781,4.055,4,,,,,,,,,,,,,,,,,
1.575,2.784,4.05,4,,,,,,,,,,,,,,,,,
1.58,2.859,3.995,4,,,,,,,,,,,,,,,,,
1.585,2.867,3.99,4,,,,,,,,,,,,,,,,,
1.59,2.825,4.02,4,,,,,,,,,,,,,,,,,
1.595,2.877,3.983,4,,,,,,,,,,,,,,,,,
1.6,2.946,3.935,4,,,,,,,,,,,,,,,,,
1.605,2.847,4.008,4,,,,,,,,,,,,,,,,,
1.61,2.836,4.015,4,,,,,,,,,,,,,,,,,
1.615,2.888,3.977,4,,,,,,,,,,,,,,,,,
1.62,2.883,3.983,4,,,,,,,,,,,,,,,,,
1.625,2.78,4.055,4,,,,,,,,,,,,,,,,,
1.63,2.776,4.055,4,,,,,,,,,,,,,,,,,
1.635,2.862,3.993,4,,,,,,,,,,,,,,,,,
1.64,2.87,3.988,4,,,,,,,,,,,,,,,,,
1.645,2.82,4.023,4,,,,,,,,,,,,,,,,,
1.65,2.876,3.983,4,,,,,,,,,,,,,,,,,
1.655,2.938,3.94,4,,,,,,,,,,,,,,,,,
1.66,2.856,4,4,,,,,,,,,,,,,,,,,
1.665,2.839,4.012,4,,,,,,,,,,,,,,,,,
1.67,2.888,3.977,4,,,,,,,,,,,,,,,,,
1.675,2.879,3.985,4,,,,,,,,,,,,,,,,,
1.68,2.78,4.055,4,,,,,,,,,,,,,,,,,
1.685,2.79,4.045,4,,,,,,,,,,,,,,,,,
1.69,2.862,3.993,4,,,,,,,,,,,,,,,,,
1.695,2.862,3.993,4,,,,,,,,,,,,,,,,,
1.7,2.841,4.008,4,,,,,,,,,,,,,,,,,
1.705,2.877,3.983,4,,,,,,,,,,,,,,,,,
1.71,2.932,3.945,4,,,,,,,,,,,,,,,,,
1.715,2.864,3.995,4,,,,,,,,,,,,,,,,,
1.72,2.839,4.012,4,,,,,,,,,,,,,,,,,
1.725,2.878,3.985,4,,,,,,,,,,,,,,,,,
1.73,2.879,3.985,4,,,,,,,,,,,,,,,,,
1.735,2.783,4.053,4,,,,,,,,,,,,,,,,,
1.74,2.783,4.05,4,,,,,,,,,,,,,,,,,
1.745,2.862,3.993,4,,,,,,,,,,,,,,,,,
1.75,2.87,3.988,4,,,,,,,,,,,,,,,,,
1.755,2.828,4.017,4,,,,,,,,,,,,,,,,,
1.76,2.873,3.985,4,,,,,,,,,,,,,,,,,
1.765,2.942,3.938,4,,,,,,,,,,,,,,,,,
1.77,2.868,3.993,4,,,,,,,,,,,,,,,,,
1.775,2.829,4.02,4,,,,,,,,,,,,,,,,,
1.78,2.881,3.983,4,,,,,,,,,,,,,,,,,
1.785,2.882,3.983,4,,,,,,,,,,,,,,,,,
1.79,2.78,4.055,4,,,,,,,,,,,,,,,,,
1.795,2.783,4.05,4,,,,,,,,,,,,,,,,,
1.8,2.869,3.988,4,,,,,,,,,,,,,,,,,
1.805,2.873,3.985,4,,,,,,,,,,,,,,,,,
1.81,2.835,4.012,4,,,,,,,,,,,,,,,,,
1.815,2.881,3.98,4,,,,,,,,,,,,,,,,,
1.82,2.929,3.947,4,,,,,,,,,,,,,,,,,
1.825,2.857,4,4,,,,,,,,,,,,,,,,,
1.83,2.832,4.017,4,,,,,,,,,,,,,,,,,
1.835,2.87,3.99,4,,,,,,,,,,,,,,,,,
1.84,2.878,3.985,4,,,,,,,,,,,,,,,,,
1.845,2.779,4.055,4,,,,,,,,,,,,,,,,,
1.85,2.793,4.043,4,,,,,,,,,,,,,,,,,
1.855,2.872,3.985,4,,,,,,,,,,,,,,,,,
1.86,2.873,3.985,4,,,,,,,,,,,,,,,,,
1.865,2.835,4.012,4,,,,,,,,,,,,,,,,,
1.87,2.906,3.963,4,,,,,,,,,,,,,,,,,
1.875,2.987,3.907,4,,0.315,,,,,,,,,,,,,,,
1.88,2.961,3.93,4,,,,,,,,,,,,,,,,,
1.885,2.995,3.91,4,,,,,,,,,,,,,,,,,
1.89,3.105,3.837,4,,,,,,,,,,,,,,,,,
1.895,3.138,3.823,4,,,,,,,,,,,,,,,,,
1.9,3.1,3.858,4,,,,,,,,,,,,,,,,,
1.905,3.171,3.815,4,,,,,,,,,,,,,,,,,
1.91,3.224,3.787,4,,,,,,,,,,,,,,,,,
1.915,3.182,3.828,4,,,,,,,,,,,,,,,,,
1.92,3.265,3.778,4,,,,,,,,,,,,,,,,,
1.925,3.374,3.713,4,,,,,,,,,,,,,,,,,
1.93,3.269,3.8,4,,,,,,,,,,,,,,,,,
1.935,3.265,3.812,4,,,,,,,,,,,,,,,,,
1.94,3.368,3.75,4,,,,,,,,,,,,,,,,,
1.945,3.393,3.745,4,,,,,,,,,,,,,,,,,
1.95,3.386,3.763,4,,,,,,,,,,,,,,,,,
1.955,3.417,3.753,4,,,,,,,,,,,,,,,,,
1.96,3.413,3.767,4,,,,,,,,,,,,,,,,,
1.965,3.422,3.772,4,,,,,,,,,,,,,,,,,
1.97,3.51,3.722,4,,,,,,,,,,,,,,,,,
1.975,3.49,3.75,4,,,,,,,,,,,,,,,,,
1.98,3.422,3.81,4,,,,,,,,,,,,,,,,,
1.985,3.489,3.772,4,,,,,,,,,,,,,,,,,
1.99,3.552,3.74,4,,,,,,,,,,,,,,,,,
1.995,3.502,3.787,4,,,,,,,,,,,,,,,,,
2,3.542,3.77,4,,,,,,,,,,,,,,,,,
2.005,3.555,3.772,4,,,,,,,,,,,,,,,,,
2.01,3.46,3.85,4,,,,,,,,,,,,,,,,,
2.015,3.514,3.82,4,,,,,,,,,,,,,,,,,
2.02,3.626,3.75,4,,,,,,,,,,,,,,,,,
2.025,3.562,3.807,4,,,,,,,,,,,,,,,,,
2.03,3.533,3.837,4,,,,,,,,,,,,,,,,,
2.035,3.583,3.81,4,,,,,,,,,,,,,,,,,
2.04,3.568,3.83,4,,,,,,,,,,,,,,,,,
2.045,3.548,3.852,4,,,,,,,,,,,,,,,,,
2.05,3.644,3.793,4,,,,,,,,,,,,,,,,,
2.055,3.67,3.785,4,,,,,,,,,,,,,,,,,
2.06,3.585,3.855,4,,,,,,,,,,,,,,,,,
2.065,3.627,3.832,4,,,,,,,,,,,,,,,,,
2.07,3.661,3.817,4,,,,,,,,,,,,,,,,,
2.075,3.548,3.905,4,,,,,,,,,,,,,,,,,
2.08,3.551,3.907,4,,,,,,,,,,,,,,,,,
2.085,3.629,3.858,4,,,,,,,,,,,,,,,,,
2.09,3.622,3.87,4,,,,,,,,,,,,,,,,,
2.095,3.599,3.893,4,,,,,,,,,,,,,,,,,
2.1,3.678,3.842,4,,,,,,,,,,,,,,,,,
2.105,3.703,3.832,4,,,,,,,,,,,,,,,,,
2.11,3.615,3.902,4,,,,,,,,,,,,,,,,,
2.115,3.654,3.88,4,,,,,,,,,,,,,,,,,
2.12,3.723,3.837,4,,,,,,,,,,,,,,,,,
2.125,3.649,3.898,4,,,,,,,,,,,,,,,,,
2.13,3.645,3.905,4,,,,,,,,,,,,,,,,,
2.135,3.688,3.88,4,,,,,,,,,,,,,,,,,
2.14,3.696,3.88,4,,,,,,,,,,,,,,,,,
2.145,3.637,3.928,4,,,,,,,,,,,,,,,,,
2.15,3.692,3.893,4,,,,,,,,,,,,,,,,,
2.155,3.728,3.872,4,,,,,,,,,,,,,,,,,
2.16,3.641,3.94,4,,,,,,,,,,,,,,,,,
2.165,3.656,3.932,4,,,,,,,,,,,,,,,,,
2.17,3.707,3.9,4,,,,,,,,,,,,,,,,,
2.175,3.714,3.9,4,,,,,,,,,,,,,,,,,
2.18,3.653,3.947,4,,,,,,,,,,,,,,,,,
2.185,3.689,3.925,4,,,,,,,,,,,,,,,,,
2.19,3.741,3.893,4,,,,,,,,,,,,,,,,,
2.195,3.673,3.945,4,,,,,,,,,,,,,,,,,
2.2,3.677,3.945,4,,,,,,,,,,,,,,,,,
2.205,3.742,3.902,4,,,,,,,,,,,,,,,,,
2.21,3.742,3.907,4,,,,,,,,,,,,,,,,,
2.215,3.67,3.963,4,,,,,,,,,,,,,,,,,
2.22,3.69,3.95,4,,,,,,,,,,,,,,,,,
2.225,3.758,3.905,4,,,,,,,,,,,,,,,,,
2.23,3.697,3.952,4,,,,,,,,,,,,,,,,,
2.235,3.654,3.985,4,,,,,,,,,,,,,,,,,
2.24,3.698,3.955,4,,,,,,,,,,,,,,,,,
2.245,3.722,3.94,4,,,,,,,,,,,,,,,,,
2.25,3.626,4.01,4,,,,,,,,,,,,,,,,,
2.255,3.629,4.008,4,,,,,,,,,,,,,,,,,
2.26,3.697,3.96,4,,,,,,,,,,,,,,,,,
2.265,3.703,3.957,4,,,,,,,,,,,,,,,,,
2.27,3.649,3.997,4,,,,,,,,,,,,,,,,,
2.275,3.703,3.96,4,,,,,,,,,,,,,,,,,
2.28,3.745,3.932,4,,,,,,,,,,,,,,,,,
2.285,3.649,4.003,4,,,,,,,,,,,,,,,,,
2.29,3.653,4,4,,,,,,,,,,,,,,,,,
2.295,3.732,3.945,4,,,,,,,,,,,,,,,,,
2.3,3.761,3.928,4,,,,,,,,,,,,,,,,,
2.305,3.68,3.988,4,,,,,,,,,,,,,,,,,
2.31,3.702,3.972,4,,,,,,,,,,,,,,,,,
2.315,3.758,3.935,4,,,,,,,,,,,,,,,,,
2.32,3.709,3.972,4,,,,,,,,,,,,,,,,,
2.325,3.661,4.008,4,,,,,,,,,,,,,,,,,
2.33,3.71,3.972,4,,,,,,,,,,,,,,,,,
2.335,3.719,3.967,4,,,,,,,,,,,,,,,,,
2.34,3.621,4.037,4,,,,,,,,,,,,,,,,,
2.345,3.637,4.025,4,,,,,,,,,,,,,,,,,
2.35,3.724,3.963,4,,,,,,,,,,,,,,,,,
2.355,3.727,3.963,4,,,,,,,,,,,,,,,,,
2.36,3.687,3.993,4,,,,,,,,,,,,,,,,,
2.365,3.73,3.963,4,,,,,,,,,,,,,,,,,
2.37,3.776,3.932,4,,,,,,,,,,,,,,,,,
2.375,3.705,3.985,4,,,,,,,,,,,,,,,,,
2.38,3.692,3.995,4,,,,,,,,,,,,,,,,,
2.385,3.728,3.97,4,,,,,,,,,,,,,,,,,
2.39,3.72,3.977,4,,,,,,,,,,,,,,,,,
2.395,3.625,4.045,4,,,,,,,,,,,,,,,,,
2.4,3.639,4.033,4,,,,,,,,,,,,,,,,,
2.405,3.712,3.98,4,,,,,,,,,,,,,,,,,
2.41,3.721,3.975,4,,,,,,,,,,,,,,,,,
2.415,3.69,3.997,4,,,,,,,,,,,,,,,,,
2.42,3.733,3.967,4,,,,,,,,,,,,,,,,,
2.425,3.789,3.93,4,,,,,,,,,,,,,,,,,
2.43,3.73,3.975,4,,,,,,,,,,,,,,,,,
2.435,3.696,4,4,,,,,,,,,,,,,,,,,
2.44,3.71,3.99,4,,,,,,,,,,,,,,,,,
2.445,3.722,3.983,4,,,,,,,,,,,,,,,,,
2.45,3.63,4.047,4,,,,,,,,,,,,,,,,,
2.455,3.634,4.043,4,,,,,,,,,,,,,,,,,
2.46,3.731,3.972,4,,,,,,,,,,,,,,,,,
2.465,3.74,3.967,4,,,,,,,,,,,,,,,,,
2.47,3.689,4.005,4,,,,,,,,,,,,,,,,,
2.475,3.727,3.977,4,,,,,,,,,,,,,,,,,
2.48,3.79,3.935,4,,,,,,,,,,,,,,,,,
2.485,3.727,3.983,4,,,,,,,,,,,,,,,,,
2.49,3.671,4.023,4,,,,,,,,,,,,,,,,,
2.495,3.715,3.99,4,,,,,,,,,,,,,,,,,
2.5,3.727,3.983,4,,,,,,,,,,,,,,,,,
2.505,3.632,4.05,4,,,,,,,,,,,,,,,,,
2.51,3.653,4.033,4,,,,,,,,,,,,,,,,,
2.515,3.747,3.965,4,,,,,,,,,,,,,,,,,
2.52,3.761,3.957,4,,,,,,,,,,,,,,,,,
2.525,3.696,4.005,4,,,,,,,,,,,,,,,,,
2.53,3.724,3.985,4,,,,,,,,,,,,,,,,,
2.535,3.768,3.955,4,,,,,,,,,,,,,,,,,
2.54,3.707,4,4,,,,,,,,,,,,,,,,,
2.545,3.664,4.03,4,,,,,,,,,,,,,,,,,
2.55,3.701,4.003,4,,,,,,,,,,,,,,,,,
2.555,3.726,3.985,4,,,,,,,,,,,,,,,,,
2.56,3.655,4.035,4,,,,,,,,,,,,,,,,,
2.565,3.689,4.01,4,,,,,,,,,,,,,,,,,
2.57,3.77,3.952,4,,,,,,,,,,,,,,,,,
2.575,3.77,3.955,4,,,,,,,,,,,,,,,,,
2.58,3.691,4.012,4,,,,,,,,,,,,,,,,,
2.585,3.686,4.015,4,,,,,,,,,,,,,,,,,
2.59,3.735,3.98,4,,,,,,,,,,,,,,,,,
2.595,3.705,4.003,4,,,,,,,,,,,,,,,,,
2.6,3.665,4.03,4,,,,,,,,,,,,,,,,,
2.605,3.706,4,4,,,,,,,,,,,,,,,,,
2.61,3.756,3.965,4,,,,,,,,,,,,,,,,,
2.615,3.701,4.005,4,,,,,,,,,,,,,,,,,
2.62,3.704,4.003,4,,,,,,,,,,,,,,,,,
2.625,3.765,3.96,4,,,,,,,,,,,,,,,,,
2.63,3.775,3.955,4,,,,,,,,,,,,,,,,,
2.635,3.653,4.043,4,,,,,,,,,,,,,,,,,
2.64,3.646,4.045,4,,,,,,,,,,,,,,,,,
2.645,3.708,4,4,,,,,,,,,,,,,,,,,
2.65,3.715,3.995,4,,,,,,,,,,,,,,,,,
2.655,3.672,4.025,4,,,,,,,,,,,,,,,,,
2.66,3.742,3.975,4,,,,,,,,,,,,,,,,,
2.665,3.805,3.932,4,,,,,,,,,,,,,,,,,
2.67,3.72,3.995,4,,,,,,,,,,,,,,,,,
2.675,3.699,4.01,4,,,,,,,,,,,,,,,,,
2.68,3.737,3.983,4,,,,,,,,,,,,,,,,,
2.685,3.735,3.985,4,,,,,,,,,,,,,,,,,
2.69,3.625,4.062,4,,,,,,,,,,,,,,,,,
2.695,3.66,4.035,4,,,,,,,,,,,,,,,,,
2.7,3.747,3.972,4,,,,,,,,,,,,,,,,,
2.705,3.749,3.972,4,,,,,,,,,,,,,,,,,
2.71,3.701,4.008,4,,,,,,,,,,,,,,,,,
2.715,3.722,3.993,4,,,,,,,,,,,,,,,,,
2.72,3.776,3.955,4,,,,,,,,,,,,,,,,,
2.725,3.704,4.008,4,,,,,,,,,,,,,,,,,
2.73,3.668,4.033,4,,,,,,,,,,,,,,,,,
2.735,3.709,4.003,4,,,,,,,,,,,,,,,,,
2.74,3.744,3.977,4,,,,,,,,,,,,,,,,,
2.745,3.678,4.025,4,,,,,,,,,,,,,,,,,
2.75,3.701,4.008,4,,,,,,,,,,,,,,,,,
2.755,3.768,3.96,4,,,,,,,,,,,,,,,,,
2.76,3.771,3.96,4,,,,,,,,,,,,,,,,,
2.765,3.667,4.035,4,,,,,,,,,,,,,,,,,
2.77,3.654,4.043,4,,,,,,,,,,,,,,,,,
2.775,3.715,3.997,4,,,,,,,,,,,,,,,,,
2.78,3.719,3.995,4,,,,,,,,,,,,,,,,,
2.785,3.676,4.025,4,,,,,,,,,,,,,,,,,
2.79,3.742,3.977,4,,,,,,,,,,,,,,,,,
2.795,3.801,3.938,4,,,,,,,,,,,,,,,,,
2.8,3.723,3.995,4,,,,,,,,,,,,,,,,,
2.805,3.684,4.023,4,,,,,,,,,,,,,,,,,
2.81,3.733,3.988,4,,,,,,,,,,,,,,,,,
2.815,3.734,3.988,4,,,,,,,,,,,,,,,,,
2.82,3.627,4.062,4,,,,,,,,,,,,,,,,,
2.825,3.648,4.045,4,,,,,,,,,,,,,,,,,
2.83,3.759,3.965,4,,,,,,,,,,,,,,,,,
2.835,3.772,3.957,4,,,,,,,,,,,,,,,,,
2.84,3.697,4.012,4,,,,,,,,,,,,,,,,,
2.845,3.717,3.997,4,,,,,,,,,,,,,,,,,
2.85,3.768,3.963,4,,,,,,,,,,,,,,,,,
2.855,3.699,4.012,4,,,,,,,,,,,,,,,,,
2.86,3.662,4.037,4,,,,,,,,,,,,,,,,,
2.865,3.717,3.997,4,,,,,,,,,,,,,,,,,
2.87,3.749,3.975,4,,,,,,,,,,,,,,,,,
2.875,3.686,4.02,4,,,,,,,,,,,,,,,,,
2.88,3.717,3.997,4,,,,,,,,,,,,,,,,,
2.885,3.771,3.96,4,,,,,,,,,,,,,,,,,
2.89,3.777,3.957,4,,,,,,,,,,,,,,,,,
2.895,3.652,4.047,4,,,,,,,,,,,,,,,,,
2.9,3.641,4.053,4,,,,,,,,,,,,,,,,,
2.905,3.709,4.003,4,,,,,,,,,,,,,,,,,
2.91,3.719,3.995,4,,,,,,,,,,,,,,,,,
2.915,3.684,4.02,4,,,,,,,,,,,,,,,,,
2.92,3.74,3.98,4,,,,,,,,,,,,,,,,,
2.925,3.813,3.93,4,,,,,,,,,,,,,,,,,
2.93,3.739,3.985,4,,,,,,,,,,,,,,,,,
2.935,3.686,4.023,4,,,,,,,,,,,,,,,,,
2.94,3.706,4.008,4,,,,,,,,,,,,,,,,,
2.945,3.72,3.997,4,,,,,,,,,,,,,,,,,
2.95,3.592,4.088,4,,,,,,,,,,,,,,,,,
2.955,3.592,4.082,4,,,,,,,,,,,,,,,,,
2.96,3.665,4.027,4,,,,,,,,,,,,,,,,,
2.965,3.62,4.057,4,,,,,,,,,,,,,,,,,
2.97,3.448,4.175,4,,,,,,,,,,,,,,,,,
2.975,3.439,4.173,4,,,,,,,,,,,,,,,,,
2.98,3.535,4.098,4,,,,,,,,,,,,,,,,,
2.985,3.485,4.128,4,,,,,,,,,,,,,,,,,
2.99,3.333,4.227,4,,,,,,,,,,,,,,,,,
2.995,3.381,4.182,4,,,,,,,,,,,,,,,,,
3,3.386,4.17,4,,,,,,,,,,,,,,,,,
3.005,3.363,4.177,4,,,,,,,,,,,,,,,,,
3.01,3.322,4.198,4,,,,,,,,,,,,,,,,,
3.015,3.222,4.257,4,,,,,,,,,,,,,,,,,
3.02,3.276,4.207,4,,,,,,,,,,,,,,,,,
3.025,3.293,4.185,4,,,,,,,,,,,,,,,,,
3.03,3.223,4.225,4,,,,,,,,,,,,,,,,,
3.035,3.182,4.243,4,,,,,,,,,,,,,,,,,
3.04,3.122,4.273,4,,,,,,,,,,,,,,,,,
3.045,3.228,4.185,4,,,,,,,,,,,,,,,,,
3.05,3.207,4.19,4,,,,,,,,,,,,,,,,,
3.055,3.072,4.275,4,,,,,,,,,,,,,,,,,
3.06,3.11,4.235,4,,,,,,,,,,,,,,,,,
3.065,3.111,4.222,4,,,,,,,,,,,,,,,,,
3.07,3.178,4.165,4,,,,,,,,,,,,,,,,,
3.075,3.081,4.225,4,,,,,,,,,,,,,,,,,
3.08,3.029,4.25,4,,,,,,,,,,,,,,,,,
3.085,3.051,4.222,4,,,,,,,,,,,,,,,,,
3.09,3.049,4.212,4,,,,,,,,,,,,,,,,,
3.095,3.106,4.162,4,,,,,,,,,,,,,,,,,
3.1,2.969,4.25,4,,,,,,,,,,,,,,,,,
3.105,2.958,4.245,4,,,,,,,,,,,,,,,,,
3.11,3.063,4.16,4,,,,,,,,,,,,,,,,,
3.115,3.03,4.175,4,,,,,,,,,,,,,,,,,
3.12,2.953,4.22,4,,,,,,,,,,,,,,,,,
3.125,2.966,4.2,4,,,,,,,,,,,,,,,,,
3.13,2.974,4.185,4,,,,,,,,,,,,,,,,,
3.135,3.05,4.122,4,,,,,,,,,,,,,,,,,
3.14,2.97,4.173,4,,,,,,,,,,,,,,,,,
3.145,2.9,4.212,4,,,,,,,,,,,,,,,,,
3.15,2.975,4.15,4,,,,,,,,,,,,,,,,,
3.155,2.989,4.133,4,,,,,,,,,,,,,,,,,
3.16,2.937,4.162,4,,,,,,,,,,,,,,,,,
3.165,2.922,4.165,4,,,,,,,,,,,,,,,,,
3.17,2.899,4.173,4,,,,,,,,,,,,,,,,,
3.175,2.934,4.14,4,,,,,,,,,,,,,,,,,
3.18,2.974,4.105,4,,,,,,,,,,,,,,,,,
3.185,2.895,4.155,4,,,,,,,,,,,,,,,,,
3.19,2.855,4.175,4,,,,,,,,,,,,,,,,,
3.195,2.943,4.105,4,,,,,,,,,,,,,,,,,
3.2,2.979,4.075,4,,,,,,,,,,,,,,,,,
3.205,2.852,4.16,4,,,,,,,,,,,,,,,,,
3.21,2.837,4.162,4,,,,,,,,,,,,,,,,,
3.215,2.943,4.08,4,,,,,,,,,,,,,,,,,
3.22,2.959,4.065,4,,,,,,,,,,,,,,,,,
3.225,2.819,4.16,4,,,,,,,,,,,,,,,,,
3.23,2.829,4.145,4,,,,,,,,,,,,,,,,,
3.235,2.933,4.065,4,,,,,,,,,,,,,,,,,
3.24,2.953,4.047,4,,,,,,,,,,,,,,,,,
3.245,2.839,4.125,4,,,,,,,,,,,,,,,,,
3.25,2.809,4.14,4,,,,,,,,,,,,,,,,,
3.255,2.913,4.06,4,,,,,,,,,,,,,,,,,
3.26,2.956,4.027,4,,,,,,,,,,,,,,,,,
3.265,2.832,4.113,4,,,,,,,,,,,,,,,,,
3.27,2.806,4.125,4,,,,,,,,,,,,,,,,,
3.275,2.887,4.062,4,,,,,,,,,,,,,,,,,
3.28,2.915,4.04,4,,,,,,,,,,,,,,,,,
3.285,2.862,4.075,4,,,,,,,,,,,,,,,,,
3.29,2.853,4.078,4,,,,,,,,,,,,,,,,,
3.295,2.887,4.05,4,,,,,,,,,,,,,,,,,
3.3,2.876,4.055,4,,,,,,,,,,,,,,,,,
3.305,2.847,4.072,4,,,,,,,,,,,,,,,,,
3.31,2.899,4.033,4,,,,,,,,,,,,,,,,,
3.315,2.933,4.008,4,,,,,,,,,,,,,,,,,
3.32,2.857,4.06,4,,,,,,,,,,,,,,,,,
3.325,2.81,4.09,4,,,,,,,,,,,,,,,,,
3.33,2.882,4.035,4,,,,,,,,,,,,,,,,,
3.335,2.951,3.985,4,,,,,,,,,,,,,,,,,
3.34,2.884,4.033,4,,,,,,,,,,,,,,,,,
3.345,2.825,4.072,4,,,,,,,,,,,,,,,,,
3.35,2.855,4.047,4,,,,,,,,,,,,,,,,,
3.355,2.881,4.027,4,,,,,,,,,,,,,,,,,
3.36,2.829,4.062,4,,,,,,,,,,,,,,,,,
3.365,2.856,4.04,4,,,,,,,,,,,,,,,,,
3.37,2.925,3.99,4,,,,,,,,,,,,,,,,,
3.375,2.89,4.015,4,,,,,,,,,,,,,,,,,
3.38,2.782,4.09,4,,,,,,,,,,,,,,,,,
3.385,2.783,4.085,4,,,,,,,,,,,,,,,,,
3.39,2.884,4.01,4,,,,,,,,,,,,,,,,,
3.395,2.915,3.988,4,,,,,,,,,,,,,,,,,
3.4,2.848,4.035,4,,,,,,,,,,,,,,,,,
3.405,2.846,4.035,4,,,,,,,,,,,,,,,,,
3.41,2.872,4.015,4,,,,,,,,,,,,,,,,,
3.415,2.853,4.027,4,,,,,,,,,,,,,,,,,
3.42,2.805,4.06,4,,,,,,,,,,,,,,,,,
3.425,2.883,4.003,4,,,,,,,,,,,,,,,,,
3.43,2.936,3.965,4,,,,,,,,,,,,,,,,,
3.435,2.86,4.02,4,,,,,,,,,,,,,,,,,
3.44,2.851,4.025,4,,,,,,,,,,,,,,,,,
3.445,2.871,4.01,4,,,,,,,,,,,,,,,,,
3.45,2.881,4.003,4,,,,,,,,,,,,,,,,,
3.455,2.777,4.075,4,,,,,,,,,,,,,,,,,
3.46,2.811,4.047,4,,,,,,,,,,,,,,,,,
3.465,2.897,3.985,4,,,,,,,,,,,,,,,,,
3.47,2.916,3.972,4,,,,,,,,,,,,,,,,,
3.475,2.85,4.02,4,,,,,,,,,,,,,,,,,
3.48,2.838,4.027,4,,,,,,,,,,,,,,,,,
3.485,2.886,3.993,4,,,,,,,,,,,,,,,,,
3.49,2.844,4.023,4,,,,,,,,,,,,,,,,,
3.495,2.803,4.05,4,,,,,,,,,,,,,,,,,
3.5,2.856,4.01,4,,,,,,,,,,,,,,,,,
3.505,2.913,3.97,4,,,,,,,,,,,,,,,,,
3.51,2.861,4.008,4,,,,,,,,,,,,,,,,,
3.515,2.861,4.008,4,,,,,,,,,,,,,,,,,
3.52,2.91,3.972,4,,,,,,,,,,,,,,,,,
3.525,2.895,3.985,4,,,,,,,,,,,,,,,,,
3.53,2.785,4.062,4,,,,,,,,,,,,,,,,,
3.535,2.777,4.065,4,,,,,,,,,,,,,,,,,
3.54,2.872,3.995,4,,,,,,,,,,,,,,,,,
3.545,2.88,3.99,4,,,,,,,,,,,,,,,,,
3.55,2.838,4.02,4,,,,,,,,,,,,,,,,,
3.555,2.883,3.988,4,,,,,,,,,,,,,,,,,
3.56,2.941,3.947,4,,,,,,,,,,,,,,,,,
3.565,2.859,4.008,4,,,,,,,,,,,,,,,,,
3.57,2.822,4.033,4,,,,,,,,,,,,,,,,,
3.575,2.863,4.003,4,,,,,,,,,,,,,,,,,
3.58,2.881,3.99,4,,,,,,,,,,,,,,,,,
3.585,2.785,4.057,4,,,,,,,,,,,,,,,,,
3.59,2.816,4.033,4,,,,,,,,,,,,,,,,,
3.595,2.914,3.963,4,,,,,,,,,,,,,,,,,
3.6,2.917,3.963,4,,,,,,,,,,,,,,,,,
3.605,2.83,4.025,4,,,,,,,,,,,,,,,,,
3.61,2.839,4.017,4,,,,,,,,,,,,,,,,,
3.615,2.874,3.993,4,,,,,,,,,,,,,,,,,
3.62,2.842,4.015,4,,,,,,,,,,,,,,,,,
3.625,2.812,4.035,4,,,,,,,,,,,,,,,,,
3.63,2.86,4,4,,,,,,,,,,,,,,,,,
3.635,2.899,3.972,4,,,,,,,,,,,,,,,,,
3.64,2.833,4.02,4,,,,,,,,,,,,,,,,,
3.645,2.85,4.008,4,,,,,,,,,,,,,,,,,
3.65,2.914,3.963,4,,,,,,,,,,,,,,,,,
3.655,2.913,3.965,4,,,,,,,,,,,,,,,,,
3.66,2.794,4.05,4,,,,,,,,,,,,,,,,,
3.665,2.794,4.047,4,,,,,,,,,,,,,,,,,
3.67,2.862,3.997,4,,,,,,,,,,,,,,,,,
3.675,2.858,4,4,,,,,,,,,,,,,,,,,
3.68,2.819,4.027,4,,,,,,,,,,,,,,,,,
3.685,2.881,3.983,4,,,,,,,,,,,,,,,,,
3.69,2.951,3.935,4,,,,,,,,,,,,,,,,,
3.695,2.866,3.997,4,,,,,,,,,,,,,,,,,
3.7,2.834,4.02,4,,,,,,,,,,,,,,,,,
3.705,2.886,3.983,4,,,,,,,,,,,,,,,,,
3.71,2.891,3.98,4,,,,,,,,,,,,,,,,,
3.715,2.767,4.068,4,,,,,,,,,,,,,,,,,
3.72,2.78,4.055,4,,,,,,,,,,,,,,,,,
3.725,2.877,3.985,4,,,,,,,,,,,,,,,,,
3.73,2.885,3.98,4,,,,,,,,,,,,,,,,,
3.735,2.84,4.012,4,,,,,,,,,,,,,,,,,
3.74,2.882,3.983,4,,,,,,,,,,,,,,,,,
3.745,2.951,3.935,4,,,,,,,,,,,,,,,,,
3.75,2.855,4.005,4,,,,,,,,,,,,,,,,,
3.755,2.816,4.033,4,,,,,,,,,,,,,,,,,
3.76,2.856,4.003,4,,,,,,,,,,,,,,,,,
3.765,2.87,3.993,4,,,,,,,,,,,,,,,,,
3.77,2.774,4.06,4,,,,,,,,,,,,,,,,,
3.775,2.809,4.033,4,,,,,,,,,,,,,,,,,
3.78,2.889,3.975,4,,,,,,,,,,,,,,,,,
3.785,2.905,3.965,4,,,,,,,,,,,,,,,,,
3.79,2.836,4.015,4,,,,,,,,,,,,,,,,,
3.795,2.864,3.995,4,,,,,,,,,,,,,,,,,
3.8,2.925,3.952,4,,,,,,,,,,,,,,,,,
3.805,2.853,4.005,4,,,,,,,,,,,,,,,,,
3.81,2.807,4.037,4,,,,,,,,,,,,,,,,,
3.815,2.847,4.008,4,,,,,,,,,,,,,,,,,
3.82,2.871,3.99,4,,,,,,,,,,,,,,,,,
3.825,2.8,4.04,4,,,,,,,,,,,,,,,,,
3.83,2.819,4.025,4,,,,,,,,,,,,,,,,,
3.835,2.903,3.965,4,,,,,,,,,,,,,,,,,
3.84,2.924,3.952,4,,,,,,,,,,,,,,,,,
3.845,2.834,4.017,4,,,,,,,,,,,,,,,,,
3.85,2.826,4.023,4,,,,,,,,,,,,,,,,,
3.855,2.895,3.972,4,,,,,,,,,,,,,,,,,
3.86,2.847,4.008,4,,,,,,,,,,,,,,,,,
3.865,2.793,4.045,4,,,,,,,,,,,,,,,,,
3.87,2.851,4.003,4,,,,,,,,,,,,,,,,,
3.875,2.901,3.967,4,,,,,,,,,,,,,,,,,
3.88,2.81,4.033,4,,,,,,,,,,,,,,,,,
3.885,2.829,4.017,4,,,,,,,,,,,,,,,,,
3.89,2.91,3.96,4,,,,,,,,,,,,,,,,,
3.895,2.924,3.952,4,,,,,,,,,,,,,,,,,
3.9,2.813,4.033,4,,,,,,,,,,,,,,,,,
3.905,2.817,4.027,4,,,,,,,,,,,,,,,,,
3.91,2.876,3.985,4,,,,,,,,,,,,,,,,,
3.915,2.838,4.012,4,,,,,,,,,,,,,,,,,
3.92,2.798,4.04,4,,,,,,,,,,,,,,,,,
3.925,2.859,3.995,4,,,,,,,,,,,,,,,,,
3.93,2.899,3.967,4,,,,,,,,,,,,,,,,,
3.935,2.819,4.025,4,,,,,,,,,,,,,,,,,
3.94,2.839,4.01,4,,,,,,,,,,,,,,,,,
3.945,2.906,3.963,4,,,,,,,,,,,,,,,,,
3.95,2.916,3.957,4,,,,,,,,,,,,,,,,,
3.955,2.812,4.033,4,,,,,,,,,,,,,,,,,
3.96,2.802,4.037,4,,,,,,,,,,,,,,,,,
3.965,2.857,3.997,4,,,,,,,,,,,,,,,,,
3.97,2.846,4.005,4,,,,,,,,,,,,,,,,,
3.975,2.814,4.027,4,,,,,,,,,,,,,,,,,
3.98,2.858,3.995,4,,,,,,,,,,,,,,,,,
3.985,2.898,3.967,4,,,,,,,,,,,,,,,,,
3.99,2.832,4.015,4,,,,,,,,,,,,,,,,,
3.995,2.838,4.01,4,,,,,,,,,,,,,,,,,
4,2.902,3.965,4,,,,,,,,,,,,,,,,,
4.005,2.908,3.963,4,,,,,,,,,,,,,,,,,
4.01,2.807,4.035,4,,,,,,,,,,,,,,,,,
4.015,2.797,4.04,4,,,,,,,,,,,,,,,,,
4.02,2.859,3.995,4,,,,,,,,,,,,,,,,,
4.025,2.848,4.003,4,,,,,,,,,,,,,,,,,
4.03,2.802,4.035,4,,,,,,,,,,,,,,,,,
4.035,2.857,3.995,4,,,,,,,,,,,,,,,,,
4.04,2.914,3.955,4,,,,,,,,,,,,,,,,,
4.045,2.828,4.017,4,,,,,,,,,,,,,,,,,
4.05,2.841,4.008,4,,,,,,,,,,,,,,,,,
4.055,2.908,3.96,4,,,,,,,,,,,,,,,,,
4.06,2.904,3.965,4,,,,,,,,,,,,,,,,,
4.065,2.799,4.04,4,,,,,,,,,,,,,,,,,
4.07,2.796,4.04,4,,,,,,,,,,,,,,,,,
4.075,2.869,3.988,4,,,,,,,,,,,,,,,,,
4.08,2.841,4.008,4,,,,,,,,,,,,,,,,,
4.085,2.805,4.033,4,,,,,,,,,,,,,,,,,
4.09,2.87,3.985,4,,,,,,,,,,,,,,,,,
4.095,2.904,3.963,4,,,,,,,,,,,,,,,,,
4.1,2.828,4.017,4,,,,,,,,,,,,,,,,,
4.105,2.851,4,4,,,,,,,,,,,,,,,,,
4.11,2.912,3.957,4,,,,,,,,,,,,,,,,,
4.115,2.904,3.965,4,,,,,,,,,,,,,,,,,
4.12,2.803,4.037,4,,,,,,,,,,,,,,,,,
4.125,2.808,4.033,4,,,,,,,,,,,,,,,,,
4.13,2.873,3.985,4,,,,,,,,,,,,,,,,,
4.135,2.842,4.008,4,,,,,,,,,,,,,,,,,
4.14,2.809,4.03,4,,,,,,,,,,,,,,,,,
4.145,2.865,3.99,4,,,,,,,,,,,,,,,,,
4.15,2.905,3.963,4,,,,,,,,,,,,,,,,,
4.155,2.829,4.017,4,,,,,,,,,,,,,,,,,
4.16,2.845,4.005,4,,,,,,,,,,,,,,,,,
4.165,2.909,3.96,4,,,,,,,,,,,,,,,,,
4.17,2.912,3.96,4,,,,,,,,,,,,,,,,,
4.175,2.811,4.033,4,,,,,,,,,,,,,,,,,
4.18,2.798,4.04,4,,,,,,,,,,,,,,,,,
4.185,2.86,3.995,4,,,,,,,,,,,,,,,,,
4.19,2.849,4.003,4,,,,,,,,,,,,,,,,,
4.195,2.799,4.037,4,,,,,,,,,,,,,,,,,
4.2,2.85,4,4,,,,,,,,,,,,,,,,,
4.205,2.907,3.96,4,,,,,,,,,,,,,,,,,
4.21,2.835,4.012,4,,,,,,,,,,,,,,,,,
4.215,2.838,4.01,4,,,,,,,,,,,,,,,,,
4.22,2.909,3.96,4,,,,,,,,,,,,,,,,,
4.225,2.915,3.957,4,,,,,,,,,,,,,,,,,
4.23,2.814,4.03,4,,,,,,,,,,,,,,,,,
4.235,2.801,4.037,4,,,,,,,,,,,,,,,,,
4.24,2.874,3.985,4,,,,,,,,,,,,,,,,,
4.245,2.843,4.008,4,,,,,,,,,,,,,,,,,
4.25,2.799,4.037,4,,,,,,,,,,,,,,,,,
4.255,2.861,3.993,4,,,,,,,,,,,,,,,,,
4.26,2.908,3.96,4,,,,,,,,,,,,,,,,,
4.265,2.821,4.023,4,,,,,,,,,,,,,,,,,
4.27,2.841,4.008,4,,,,,,,,,,,,,,,,,
4.275,2.912,3.957,4,,,,,,,,,,,,,,,,,
4.28,2.905,3.965,4,,,,,,,,,,,,,,,,,
4.285,2.81,4.033,4,,,,,,,,,,,,,,,,,
4.29,2.812,4.03,4,,,,,,,,,,,,,,,,,
4.295,2.878,3.983,4,,,,,,,,,,,,,,,,,
4.3,2.839,4.01,4,,,,,,,,,,,,,,,,,
4.305,2.799,4.037,4,,,,,,,,,,,,,,,,,
4.31,2.861,3.993,4,,,,,,,,,,,,,,,,,
4.315,2.901,3.965,4,,,,,,,,,,,,,,,,,
4.32,2.828,4.017,4,,,,,,,,,,,,,,,,,
4.325,2.841,4.008,4,,,,,,,,,,,,,,,,,
4.33,2.909,3.96,4,,,,,,,,,,,,,,,,,
4.335,2.908,3.963,4,,,,,,,,,,,,,,,,,
4.34,2.814,4.03,4,,,,,,,,,,,,,,,,,
4.345,2.794,4.043,4,,,,,,,,,,,,,,,,,
4.35,2.863,3.993,4,,,,,,,,,,,,,,,,,
4.355,2.849,4.003,4,,,,,,,,,,,,,,,,,
4.36,2.802,4.035,4,,,,,,,,,,,,,,,,,
4.365,2.85,4,4,,,,,,,,,,,,,,,,,
4.37,2.911,3.957,4,,,,,,,,,,,,,,,,,
4.375,2.839,4.01,4,,,,,,,,,,,,,,,,,
4.38,2.841,4.008,4,,,,,,,,,,,,,,,,,
4.385,2.898,3.967,4,,,,,,,,,,,,,,,,,
4.39,2.918,3.955,4,,,,,,,,,,,,,,,,,
4.395,2.804,4.037,4,,,,,,,,,,,,,,,,,
4.4,2.79,4.045,4,,,,,,,,,,,,,,,,,
4.405,2.866,3.99,4,,,,,,,,,,,,,,,,,
4.41,2.845,4.005,4,,,,,,,,,,,,,,,,,
4.415,2.802,4.035,4,,,,,,,,,,,,,,,,,
4.42,2.864,3.99,4,,,,,,,,,,,,,,,,,
4.425,2.914,3.955,4,,,,,,,,,,,,,,,,,
4.43,2.828,4.017,4,,,,,,,,,,,,,,,,,
4.435,2.838,4.01,4,,,,,,,,,,,,,,,,,
4.44,2.905,3.963,4,,,,,,,,,,,,,,,,,
4.445,2.904,3.965,4,,,,,,,,,,,,,,,,,
4.45,2.81,4.033,4,,,,,,,,,,,,,,,,,
4.455,2.807,4.033,4,,,,,,,,,,,,,,,,,
4.46,2.87,3.988,4,,,,,,,,,,,,,,,,,
4.465,2.845,4.005,4,,,,,,,,,,,,,,,,,
4.47,2.809,4.03,4,,,,,,,,,,,,,,,,,
4.475,2.864,3.99,4,,,,,,,,,,,,,,,,,
4.48,2.904,3.963,4,,,,,,,,,,,,,,,,,
4.485,2.843,4.008,4,,,,,,,,,,,,,,,,,
4.49,2.853,4,4,,,,,,,,,,,,,,,,,
4.495,2.91,3.96,4,,,,,,,,,,,,,,,,,
4.5,2.913,3.96,4,,,,,,,,,,,,,,,,,
4.505,2.812,4.033,4,,,,,,,,,,,,,,,,,
4.51,2.803,4.037,4,,,,,,,,,,,,,,,,,
4.515,2.868,3.99,4,,,,,,,,,,,,,,,,,
4.52,2.847,4.005,4,,,,,,,,,,,,,,,,,
4.525,2.804,4.035,4,,,,,,,,,,,,,,,,,
4.53,2.869,3.988,4,,,,,,,,,,,,,,,,,
4.535,2.92,3.952,4,,,,,,,,,,,,,,,,,
4.54,2.852,4.003,4,,,,,,,,,,,,,,,,,
4.545,2.848,4.005,4,,,,,,,,,,,,,,,,,
4.55,2.909,3.963,4,,,,,,,,,,,,,,,,,
4.555,2.912,3.963,4,,,,,,,,,,,,,,,,,
4.56,2.796,4.045,4,,,,,,,,,,,,,,,,,
4.565,2.782,4.053,4,,,,,,,,,,,,,,,,,
4.57,2.861,3.995,4,,,,,,,,,,,,,,,,,
4.575,2.858,3.997,4,,,,,,,,,,,,,,,,,
4.58,2.818,4.025,4,,,,,,,,,,,,,,,,,
4.585,2.881,3.98,4,,,,,,,,,,,,,,,,,
4.59,2.94,3.94,4,,,,,,,,,,,,,,,,,
4.595,2.862,3.997,4,,,,,,,,,,,,,,,,,
4.6,2.851,4.005,4,,,,,,,,,,,,,,,,,
4.605,2.904,3.967,4,,,,,,,,,,,,,,,,,
4.61,2.892,3.977,4,,,,,,,,,,,,,,,,,
4.615,2.779,4.057,4,,,,,,,,,,,,,,,,,
4.62,2.783,4.053,4,,,,,,,,,,,,,,,,,
4.625,2.865,3.993,4,,,,,,,,,,,,,,,,,
4.63,2.862,3.995,4,,,,,,,,,,,,,,,,,
4.635,2.83,4.017,4,,,,,,,,,,,,,,,,,
4.64,2.886,3.977,4,,,,,,,,,,,,,,,,,
4.645,2.934,3.945,4,,,,,,,,,,,,,,,,,
4.65,2.877,3.988,4,,,,,,,,,,,,,,,,,
4.655,2.846,4.01,4,,,,,,,,,,,,,,,,,
4.66,2.881,3.985,4,,,,,,,,,,,,,,,,,
4.665,2.875,3.99,4,,,,,,,,,,,,,,,,,
4.67,2.782,4.055,4,,,,,,,,,,,,,,,,,
4.675,2.796,4.043,4,,,,,,,,,,,,,,,,,
4.68,2.872,3.988,4,,,,,,,,,,,,,,,,,
4.685,2.894,3.972,4,,,,,,,,,,,,,,,,,
4.69,2.846,4.008,4,,,,,,,,,,,,,,,,,
4.695,2.874,3.988,4,,,,,,,,,,,,,,,,,
4.7,2.932,3.947,4,,,,,,,,,,,,,,,,,
4.705,2.875,3.99,4,,,,,,,,,,,,,,,,,
4.71,2.819,4.03,4,,,,,,,,,,,,,,,,,
4.715,2.86,4,4,,,,,,,,,,,,,,,,,
4.72,2.881,3.985,4,,,,,,,,,,,,,,,,,
4.725,2.793,4.047,4,,,,,,,,,,,,,,,,,
4.73,2.807,4.035,4,,,,,,,,,,,,,,,,,
4.735,2.909,3.963,4,,,,,,,,,,,,,,,,,
4.74,2.922,3.955,4,,,,,,,,,,,,,,,,,
4.745,2.836,4.017,4,,,,,,,,,,,,,,,,,
4.75,2.845,4.01,4,,,,,,,,,,,,,,,,,
4.755,2.905,3.967,4,,,,,,,,,,,,,,,,,
4.76,2.85,4.008,4,,,,,,,,,,,,,,,,,
4.765,2.8,4.043,4,,,,,,,,,,,,,,,,,
4.77,2.865,3.995,4,,,,,,,,,,,,,,,,,
